{"test_acc":0.43333333333333335,"_wandb":{"runtime":79},"curves_image":{"sha256":"46f127771ee442231a0d4ec286c288422db0be2bc0f89aca91bb5e186f69552c","size":96703,"path":"media/images/curves_image_20_46f127771ee442231a0d.png","format":"png","width":1484,"height":658,"_type":"image-file"},"train_loss":1.483864,"_runtime":79,"best_val_acc":0.4777777777777778,"_timestamp":1.7762226898478708e+09,"test_loss":1.3969054734265363,"val_loss":1.427718,"val_acc":0.477778,"train_acc":0.381746,"lr":0.01,"confusion_matrix_image":{"path":"media/images/confusion_matrix_image_20_85289f17f244964ebd02.png","format":"png","width":765,"height":734,"_type":"image-file","sha256":"85289f17f244964ebd029002934975aeccb62062e7b9d0e9bdd2c11719d6e265","size":49537},"epoch":20,"best_val_loss":1.427718421264931,"_step":20}