{"val_loss":1.503614,"test_acc":0.3592592592592593,"curves_image":{"_type":"image-file","sha256":"a8587193befbdde6c84c0cbd3ca15d773eee823884e92a9845d55b43e9aafec1","size":84331,"path":"media/images/curves_image_20_a8587193befbdde6c84c.png","format":"png","width":1484,"height":658},"_step":20,"confusion_matrix_image":{"width":765,"height":734,"_type":"image-file","sha256":"6e0701c1b3b03cc0636f812703c3b1f234a505e31e03cb1b215759eb3c1988a7","size":49787,"path":"media/images/confusion_matrix_image_20_6e0701c1b3b03cc0636f.png","format":"png"},"best_val_loss":1.5036143859227498,"val_acc":0.403704,"_timestamp":1.7762219309533348e+09,"train_loss":1.533862,"best_val_acc":0.40370370370370373,"_runtime":96,"lr":0.001,"epoch":20,"_wandb":{"runtime":96},"train_acc":0.365079,"test_loss":1.50175204983464}