{
  "best_val_loss": 1.5036143859227498,
  "best_val_acc": 0.40370370370370373,
  "test_loss": 1.50175204983464,
  "test_acc": 0.3592592592592593,
  "class_names": [
    "Crazing",
    "Inclusion",
    "Patches",
    "Pitted_Surface",
    "Rolled-in_Scale",
    "Scratches"
  ],
  "classification_report": {
    "Crazing": {
      "precision": 0.0,
      "recall": 0.0,
      "f1-score": 0.0,
      "support": 45.0
    },
    "Inclusion": {
      "precision": 0.09523809523809523,
      "recall": 0.044444444444444446,
      "f1-score": 0.06060606060606061,
      "support": 45.0
    },
    "Patches": {
      "precision": 0.4146341463414634,
      "recall": 0.7555555555555555,
      "f1-score": 0.5354330708661418,
      "support": 45.0
    },
    "Pitted_Surface": {
      "precision": 0.3783783783783784,
      "recall": 0.6222222222222222,
      "f1-score": 0.47058823529411764,
      "support": 45.0
    },
    "Rolled-in_Scale": {
      "precision": 0.26666666666666666,
      "recall": 0.17777777777777778,
      "f1-score": 0.21333333333333335,
      "support": 45.0
    },
    "Scratches": {
      "precision": 0.3968253968253968,
      "recall": 0.5555555555555556,
      "f1-score": 0.46296296296296297,
      "support": 45.0
    },
    "accuracy": 0.3592592592592593,
    "macro avg": {
      "precision": 0.2586237805750001,
      "recall": 0.3592592592592592,
      "f1-score": 0.2904872771771027,
      "support": 270.0
    },
    "weighted avg": {
      "precision": 0.2586237805750001,
      "recall": 0.3592592592592593,
      "f1-score": 0.2904872771771027,
      "support": 270.0
    }
  },
  "confusion_matrix": [
    [
      0,
      4,
      17,
      20,
      3,
      1
    ],
    [
      0,
      2,
      0,
      5,
      13,
      25
    ],
    [
      0,
      1,
      34,
      10,
      0,
      0
    ],
    [
      0,
      6,
      6,
      28,
      1,
      4
    ],
    [
      0,
      2,
      19,
      8,
      8,
      8
    ],
    [
      0,
      6,
      6,
      3,
      5,
      25
    ]
  ],
  "resolved_data_dir": "data\\NEU-CLS_extracted"
}