{"train_acc":0.215873,"_runtime":57,"epoch":12,"test_acc":0.1814814814814815,"_step":12,"_wandb":{"runtime":57},"val_acc":0.3,"val_loss":1.766999,"train_loss":1.765568,"test_loss":1.7584599009266606,"lr":0.001,"confusion_matrix_image":{"width":765,"height":734,"_type":"image-file","sha256":"4377a7878c64dcf7fb15178faf1e2533caa822f1bbcb83e0d20ed0fb49834ce9","size":45512,"path":"media/images/confusion_matrix_image_12_4377a7878c64dcf7fb15.png","format":"png"},"best_val_loss":1.7600373215145535,"_timestamp":1.7762222998327513e+09,"curves_image":{"format":"png","width":1484,"height":658,"_type":"image-file","sha256":"f276078363016874cf6f3bcab4727993d1eb09ab846d2eba480951d283e1bb6a","size":86025,"path":"media/images/curves_image_12_f276078363016874cf6f.png"},"best_val_acc":0.1814814814814815}