{
  "best_val_loss": 1.7600373215145535,
  "best_val_acc": 0.1814814814814815,
  "test_loss": 1.7584599009266606,
  "test_acc": 0.1814814814814815,
  "class_names": [
    "Crazing",
    "Inclusion",
    "Patches",
    "Pitted_Surface",
    "Rolled-in_Scale",
    "Scratches"
  ],
  "classification_report": {
    "Crazing": {
      "precision": 0.0,
      "recall": 0.0,
      "f1-score": 0.0,
      "support": 45.0
    },
    "Inclusion": {
      "precision": 0.0,
      "recall": 0.0,
      "f1-score": 0.0,
      "support": 45.0
    },
    "Patches": {
      "precision": 0.4,
      "recall": 0.08888888888888889,
      "f1-score": 0.14545454545454545,
      "support": 45.0
    },
    "Pitted_Surface": {
      "precision": 0.16862745098039217,
      "recall": 0.9555555555555556,
      "f1-score": 0.2866666666666667,
      "support": 45.0
    },
    "Rolled-in_Scale": {
      "precision": 0.0,
      "recall": 0.0,
      "f1-score": 0.0,
      "support": 45.0
    },
    "Scratches": {
      "precision": 0.4,
      "recall": 0.044444444444444446,
      "f1-score": 0.08,
      "support": 45.0
    },
    "accuracy": 0.1814814814814815,
    "macro avg": {
      "precision": 0.16143790849673204,
      "recall": 0.1814814814814815,
      "f1-score": 0.08535353535353535,
      "support": 270.0
    },
    "weighted avg": {
      "precision": 0.16143790849673204,
      "recall": 0.1814814814814815,
      "f1-score": 0.08535353535353536,
      "support": 270.0
    }
  },
  "confusion_matrix": [
    [
      0,
      0,
      0,
      45,
      0,
      0
    ],
    [
      0,
      0,
      2,
      43,
      0,
      0
    ],
    [
      0,
      0,
      4,
      39,
      0,
      2
    ],
    [
      0,
      0,
      1,
      43,
      0,
      1
    ],
    [
      0,
      0,
      0,
      45,
      0,
      0
    ],
    [
      0,
      0,
      3,
      40,
      0,
      2
    ]
  ],
  "resolved_data_dir": "D:\\Deep Learning\\lab 1\\csc4005-lab1-neu-mlp-VTV-24-1\\data\\NEU-CLS_extracted"
}